baseMean,log2FoldChange,lfcSE,stat,pvalue,padj,gene,direction
18.41439011961555,1.0128736696074516,0.19247602714421952,5.262336742063571,1.4223594728479593e-07,3.355856587028332e-05,AC006449.1,up_in_disease
18.41439011961555,1.0128736696074516,0.19247602714421952,5.262336742063571,1.4223594728479593e-07,3.355856587028332e-05,AC006449.2,up_in_disease
201.57131220132626,-0.587580095771392,0.0949692189282362,-6.187058316394061,6.129729361046018e-10,5.640270471566494e-07,AC241585.2,up_in_healthy
80.21933986104641,-0.6274635650429832,0.19125459649948431,-3.2807763919267425,0.001035217803889507,0.02175891109491622,ACAD11,up_in_healthy
10.191034447764784,-0.6386224272891237,0.16704760424677007,-3.822996625235777,0.00013183958470436367,0.00569624487859459,ACPT,up_in_healthy
137.91692315015786,-0.6763050304074493,0.2220930313849237,-3.0451429573911373,0.002325697347729189,0.03697179586891243,ACSS2,up_in_healthy
1181.9287037520764,0.5891743379703889,0.18036180041479005,3.266624843040075,0.001088378069037402,0.022454508525218957,ACTN4,up_in_disease
37.399094672270394,0.9171493554904259,0.23780053865037604,3.8568010009382525,0.00011488061206120455,0.005181735058241047,ADAMTS10,up_in_disease
1.0086799183463924,2.097636249622958,0.6985249175105012,3.0029512148239483,0.0026737528863218694,0.04055524369895112,ADAMTS20,up_in_disease
407.6274508911116,1.1230451793185052,0.213187901193724,5.267865451229304,1.380192051541772e-07,3.342062411121477e-05,ADGRG1,up_in_disease
25.051643943281967,0.766201126876382,0.24118575450415455,3.1768092126816874,0.0014890495851286624,0.027450829562506825,AEBP1,up_in_disease
63.4293595012633,0.8169728152277007,0.1645947407523265,4.96354143208645,6.92192665597483e-07,0.00012131830119038553,AGER,up_in_disease
354.3040130200721,0.6238417128109153,0.12950602150604665,4.81708653818686,1.4566952240600409e-06,0.00021036836639705777,AGPAT1,up_in_disease
5.528602916273989,-1.0005334041993341,0.20549690194181056,-4.868849090886293,1.1225008601737974e-06,0.00017415942474284315,AL358852.1,up_in_healthy
22.767243115430876,0.6383798720850392,0.16982066312486774,3.7591413220171197,0.00017049751560083373,0.006776815938665535,AL591806.1,up_in_disease
47.887979383447714,0.6732973916163829,0.17893835187154863,3.762733838633493,0.00016806604023959055,0.006709152578154414,ALG3,up_in_disease
77.34649965979843,-0.7356554055522198,0.12507876857856412,-5.881537001942435,4.0647405075229425e-09,2.266770289695294e-06,ALKBH7,up_in_healthy
6.413620446833849,1.0308979589137293,0.30398420034336887,3.391287960852132,0.0006956496848929006,0.017015833393369307,ANK2,up_in_disease
283.11592890159545,1.0292497385978043,0.26407203492357634,3.89760975218627,9.714679892677505e-05,0.004528735635567747,ANKHD1-EIF4EBP3,up_in_disease
84.76337254397585,0.7192079570716101,0.21087773338826493,3.4105448001350394,0.0006483323200749296,0.016293779574193035,ANKRD22,up_in_disease
5.9002406755028645,-0.7459208400630722,0.22943572935369005,-3.2511102005092978,0.0011495529034680641,0.023324390388669004,ANKRD37,up_in_healthy
2279.815685252881,0.6486251579797183,0.22328480042998666,2.9049230253498677,0.0036734342883244456,0.04963451630545872,ANPEP,up_in_disease
2.270451705446825,2.6053876353829555,0.8009028936020227,3.2530630819241373,0.0011416814902419623,0.023215872336931308,ANXA8,up_in_disease
759.9813334667363,0.7023887199778022,0.19023359252665337,3.6922433658996976,0.00022228460198355375,0.008195250182481677,APOBR,up_in_disease
5.110687451728963,1.3910052331235545,0.3760410831695619,3.699077827877471,0.00021638424597715354,0.00806097019983311,AQP7,up_in_disease
8.97123238408925,0.7078636597136603,0.23625381263861828,2.996199941951549,0.002733671269163018,0.041067552952169,ARHGAP23,up_in_disease
27.671244747658708,1.3696893990725914,0.34343924820027855,3.9881562932896046,6.658879002431041e-05,0.003538583866465798,ARHGEF10,up_in_disease
12.532536471403773,1.3419970627197457,0.30826049959710766,4.353451267592565,1.3401089573363278e-05,0.0011268180832768133,ARHGEF28,up_in_disease
457.9760349078788,0.6811978121684553,0.11216384341724314,6.0732388567895095,1.253557813380739e-09,9.071564210822542e-07,ATF7,up_in_disease
11.328106966252653,0.6125183365294069,0.19273782479360255,3.177987181215391,0.0014830130742587088,0.027429034779480423,ATP2A1,up_in_disease
382.36290249285196,0.7770493657725907,0.15003340287900735,5.179175775938594,2.2286839697134198e-07,4.9619422885002597e-05,ATXN2L,up_in_disease
77.94391134359252,1.0372799836352098,0.34628086686803844,2.995487429083106,0.002740065953641165,0.041115984705475124,BATF2,up_in_disease
12.06398465794599,0.6200833133322468,0.17564526216243362,3.5303161935492726,0.00041506330252681563,0.012135215922987453,BMPR1B,up_in_disease
53.57803368592263,0.6224159105648591,0.20252766662964808,3.073238935315633,0.0021174887121475005,0.03455659400533646,BNC2,up_in_disease
17.15642385423392,-0.6921556114198777,0.22937109601211028,-3.017623508165708,0.002547652015716801,0.03926670020539053,BOLA1,up_in_healthy
211.6750054503197,0.6421790320209089,0.1861433627681339,3.4499163573230787,0.00056076026794901,0.014749403705139967,BZRAP1,up_in_disease
62.343098564999,-0.6162794088854204,0.1242567048522442,-4.959727602774023,7.059209564582952e-07,0.00012141180711871035,C19orf52,up_in_healthy
33.83111138955901,-0.9326779554895538,0.2449699671967881,-3.807315509579668,0.00014048346906320338,0.005902550870251442,C19orf60,up_in_healthy
19.15561840634846,0.98233678461684,0.26046894914074686,3.7714160857078785,0.00016232374587080815,0.006522366583538171,C19orf84,up_in_disease
422.9425183009308,0.8129238186513087,0.10845053017503042,7.495803084957862,6.589365346624458e-14,2.425281809478598e-10,C1orf162,up_in_disease
20.048435749402493,0.7093898905868459,0.24322210588867885,2.9166341110109824,0.003538305734265744,0.048480562633327874,C1orf177,up_in_disease
5.981327313070859,-0.8535824095110718,0.20922891154438258,-4.079658032011537,4.5102000036958246e-05,0.00263312600931676,C4orf48,up_in_healthy
181.67090390838638,1.166302811669592,0.31742184691807307,3.6742991164392538,0.00023850320142652294,0.008555895547470374,C6orf25,up_in_disease
1.353878335774804,2.1025683169860234,0.7174200345241121,2.9307354350380317,0.0033816064108861,0.047180972539451776,CA7,up_in_disease
0.9470863963937581,2.0338126454840326,0.668685335501807,3.0415092682685825,0.0023539531824909965,0.037248323660689434,CACNA2D1,up_in_disease
50.20665084775218,0.6003807771115275,0.19247711381866758,3.119232022967392,0.0018132311448028442,0.031185881082062373,CACNA2D2,up_in_disease
19.481215917361958,0.6283393207481268,0.16650932913574887,3.773598296320473,0.00016090977819921355,0.006516714714611848,CACNG2,up_in_disease
284.57792680080337,0.7198313125092883,0.15200036774495376,4.735720861656835,2.1827784860113208e-06,0.0002809068005459184,CAMTA2,up_in_disease
57.69284150373783,-0.942556588721299,0.27720748523101474,-3.400184478914075,0.0006734040369988988,0.016640626694294315,CBS,up_in_healthy
9.050379322061593,-0.7907403788503338,0.1679907348794492,-4.707047560794184,2.5133028624001885e-06,0.00030429153011020177,CBY3,up_in_healthy
3.8928109722257647,-0.7361870364506643,0.22422077026045414,-3.2833132969595624,0.0010259457750784783,0.021627124969953306,CCDC103,up_in_healthy
5.675446989748587,3.210763215305766,1.0752655270460099,2.9860189269960475,0.0028263514943678183,0.04191244685805879,CCL3L1,up_in_disease
57.41188630333523,0.6768677348230355,0.23098141504521513,2.9303991175676933,0.0033852689328405638,0.04719629103868553,CCL4,up_in_disease
195.43738334157075,-0.6299213236317459,0.2039902123789017,-3.087997783254906,0.002015099740637587,0.0334089013756338,CCR6,up_in_healthy
21.676648834681053,-0.8123484493896365,0.25060231669148064,-3.2415839570618488,0.001188674152555336,0.02366172730065307,CCR8,up_in_healthy
642.4912659774504,0.631259416190485,0.14096564213238807,4.478108329387362,7.530738607254867e-06,0.0007258138036942831,CD37,up_in_disease
1030.1812352700558,0.6608928051123804,0.14243878968037646,4.639837270418975,3.4868363695584915e-06,0.00038424101622146656,CD68,up_in_disease
24.975976893241718,0.6277738474226972,0.15866241855552324,3.9566637968714082,7.600378018540896e-05,0.0038618116679678726,CELF4,up_in_disease
2.735663828679181,1.4079659807213494,0.4654751330839866,3.024793121370261,0.0024880324859905384,0.038681110478992045,CFAP46,up_in_disease
22.176142597636375,0.8570784294016041,0.24397151964602892,3.513026564105162,0.0004430331808489424,0.012679843899164987,CH17-5A7.1,up_in_disease
136.91311441320988,0.852152668125357,0.18141231705167796,4.6973253083064295,2.635904581115602e-06,0.0003149905974433144,CH507-9B2.9,up_in_disease
101.7228516624929,-0.5917429395811777,0.1673755171430287,-3.5354211277836476,0.00040712576195774965,0.011987736635693547,CHST7,up_in_healthy
319.75470278665415,0.6336373975018409,0.15215846969020141,4.164325513998287,3.12274331562831e-05,0.0020546267001532964,CIZ1,up_in_disease
30.032749538165174,-0.7851419459701867,0.25500256094776064,-3.078957101654479,0.002077265906896415,0.034193134601623196,CLDN5,up_in_healthy
6.700856709288857,1.1234693660399266,0.38665154424245124,2.905637861193828,0.0036650535626544067,0.04957579948668912,CLEC18B,up_in_disease
34.63764247693152,-0.9134576525219156,0.27061519983974014,-3.375485386862491,0.0007368560514471665,0.017497241180364137,CLRN1,up_in_healthy
193.17496892475464,0.7301915239433339,0.16678656810179762,4.377999573069121,1.197735850771889e-05,0.0010335115084193866,CLSTN3,up_in_disease
0.9985456514292905,2.088441269368832,0.6784998363821365,3.078027668370144,0.00208375567175625,0.03423581040963697,CLVS2,up_in_disease
50.25686381505499,0.5936269103583642,0.19517402372717432,3.041526218612835,0.00235382064878763,0.037248323660689434,COL9A2,up_in_disease
130.6105069872635,0.597751711308332,0.14962767311159722,3.994927534978835,6.471404341698323e-05,0.003472106533535692,CPT1B,up_in_disease
229.46229273457433,0.7484950466687111,0.15128474477307383,4.947591032998397,7.513756706025825e-07,0.00012685840794586536,CRTC2,up_in_disease
840.6600647847079,0.6084164854828797,0.19264514912505767,3.158223751006155,0.0015873367299346253,0.02854553145098462,CST7,up_in_disease
38.95000871656571,-0.6670856803784693,0.14044048938463977,-4.749952690291819,2.034642427656629e-06,0.00027132988837800685,CTD-2583A14.10,up_in_healthy
543.9213010151706,0.643670273769086,0.16188294075226164,3.976146410350489,7.004101316058939e-05,0.00363088666251923,CTSW,up_in_disease
1489.5435011714158,0.6153355335663813,0.135304413958494,4.547786103675389,5.421319293701879e-06,0.0005636640619321791,CX3CR1,up_in_disease
4.8212064998870545,1.2224528727079023,0.3791363711996851,3.224309155145803,0.0012627699365151998,0.024606484023386947,CXCL9,up_in_disease
7.1716382536393946,0.8301305022849818,0.276500936513928,3.0022701288144322,0.002679742710002339,0.04055534958237915,DBF4B,up_in_disease
26.1192954002115,0.6055256667589173,0.16724894124013576,3.6205052317162627,0.0002940283051504875,0.009621341746061282,DDX43,up_in_disease
12.782839803610816,0.7952364173857084,0.2222325828642296,3.578397043027434,0.00034570800097810184,0.010710546030303044,DDX53,up_in_disease
155.94319728075496,0.6665585652846528,0.14772232235919452,4.5122399556099655,6.414655739909293e-06,0.0006450760086423536,DENND1C,up_in_disease
208.03640538037402,-0.6193714252625261,0.17469529977330187,-3.5454384065642888,0.00039196057961920594,0.011709822316123778,DHRS13,up_in_healthy
1.7952347442045669,2.7339082081435966,0.6742961395703787,4.054462197997277,5.0249775291000926e-05,0.0028523615878846336,DNAH5,up_in_disease
13.312428525088794,0.6364445084303844,0.2060786300052597,3.088357625505083,0.002012661068542195,0.033398558741552765,DPPA4,up_in_disease
1.679394320002851,2.15859372400021,0.6898140870854249,3.1292398407237734,0.001752591919202871,0.030542565425275028,DSCAM,up_in_disease
249.74196844624797,0.6280400298766337,0.1183961324069034,5.304565420415829,1.12941734658439e-07,2.847214716327744e-05,DVL3,up_in_disease
14.151279574090482,0.6494319498131386,0.2023448165225216,3.209530943140591,0.0013295173553360738,0.025433584085498718,DYX1C1,up_in_disease
0.8077270438746275,2.019109821898189,0.6769640968977739,2.9825951348836273,0.002858158046233011,0.04211263612876389,EBF2,up_in_disease
7.333790411135422,1.0195878057021401,0.24299179443129446,4.195976280139068,2.716986828475759e-05,0.0018518780964607183,ELAVL3,up_in_disease
60.28962597607888,0.7531289857296037,0.13331264880884727,5.649343797897911,1.610614579644224e-08,6.057588681767674e-06,EMD,up_in_disease
15.824166066862526,-0.6132058571531211,0.18418963084205536,-3.3292094367622243,0.0008709288594289093,0.01935713019332152,ENDOG,up_in_healthy
40.47451723317926,0.8876391030164873,0.21288742908793118,4.16952333361993,3.052373656641119e-05,0.0020279000867569137,ENTHD2,up_in_disease
19.68355755960144,0.6320873548070458,0.19865348537089997,3.1818588716271172,0.001463331052833297,0.027256762515476887,EPHA5,up_in_disease
29.921304331831795,-0.6441231859148566,0.1569155546068334,-4.104903350905954,4.0448395184887286e-05,0.002464807339693645,EVA1B,up_in_healthy
3533.8568862305547,0.9128890251974153,0.15667011664904174,5.826822911240865,5.649250220975826e-09,2.970375766189089e-06,EVI2B,up_in_disease
1072.3340017497947,0.7089418728006543,0.19248629580398882,3.6830771242155267,0.00023043540411865632,0.00836430521103675,FAM117A,up_in_disease
23.56960075231119,0.6363326660251045,0.14712487334720867,4.325119550134705,1.5244916282098776e-05,0.0012132983235332662,FAM92B,up_in_disease
27.263902008726966,0.7194568882178043,0.1669428002042887,4.309601176794695,1.6354922216030598e-05,0.0012699562596692451,FAM9C,up_in_disease
874.9930622774937,0.7259789244893323,0.15399734200683954,4.714230226500202,2.42626215202528e-06,0.00029966780123302837,FCER1G,up_in_disease
322.5542183296375,0.6606144122012839,0.1799164584689269,3.6717842148686892,0.0002408630167074317,0.008590823624873907,FCRL3,up_in_disease
241.90346659369916,0.764034882954644,0.20040593864824413,3.8124363385043734,0.00013760367801095557,0.005848315211167703,FCRL6,up_in_disease
274.04750659929306,0.8611982765855306,0.24359106982286355,3.5354263077533323,0.00040711778024755843,0.011987736635693547,FGFBP2,up_in_disease
3.759495051837288,1.626537270845187,0.46443820580330564,3.5021607837621405,0.00046150102881555477,0.012966417455408634,FIGN,up_in_disease
15.176314112297163,0.6885792950303729,0.23222204006126682,2.96517632369738,0.003025094904769075,0.043740772654758786,FKSG68,up_in_disease
0.8628881763601461,2.365151893518561,0.684239553792008,3.4566138137017273,0.0005470081577824578,0.014547097005304292,FNDC1,up_in_disease
7.197166667057056,0.7737033827864657,0.22401252305955105,3.4538398667148886,0.0005526654331119125,0.014634103547566224,FOXG1,up_in_disease
6.5270506112890425,1.0096388896143633,0.2911952921368812,3.4672225715097262,0.0005258662648271449,0.014086633000893663,FRAS1,up_in_disease
29.80863817444554,0.7656316777176423,0.22471248288561954,3.4071613106929846,0.0006564231957895346,0.016410086674891584,FRMPD3,up_in_disease
768.5975165078623,0.6027612843710827,0.10659274713907545,5.654805796351585,1.5602258343539566e-08,6.057588681767674e-06,FXYD5,up_in_disease
86.47069950026476,0.728037892555,0.20334300536672387,3.580343918110202,0.00034314226635929183,0.010648983352124868,GABBR1,up_in_disease
6.164438037455476,0.8362593877695407,0.2682902049926897,3.1169955973321013,0.001827043006558333,0.03127727669738884,GABRB3,up_in_disease
22.601440467166764,1.2493967725248827,0.22100986286686772,5.653126771439591,1.5755501201135102e-08,6.057588681767674e-06,GABRP,up_in_disease
2.4195721858808903,1.8870444745308281,0.5843337243184047,3.2293951144647157,0.001240523754713489,0.024364310200632164,GFRA1,up_in_disease
9.863633024364034,-0.68321561966806,0.1780167424072694,-3.8379290084130906,0.0001240763392572301,0.005475723912112243,GGN,up_in_healthy
12.3734845202657,0.8171949624416672,0.263127789621148,3.105696147177257,0.0018983167212901502,0.032020827334466206,GIPC3,up_in_disease
14.006897872433907,1.1223811643980806,0.34986265290659085,3.208062235490288,0.001336325773765034,0.02553728267351809,GLB1L2,up_in_disease
7.52212687662432,-0.9884048609798115,0.20733465025446637,-4.767195737744369,1.8680780206365762e-06,0.0002565540284610068,GLTPD2,up_in_healthy
1428.5376634560341,0.7787996006218312,0.20487381444936462,3.80136232985653,0.00014390268749950666,0.005991495832700047,GNAS,up_in_disease
14.412952164537872,1.511055516918914,0.5030892111583901,3.00355380994879,0.002668463556878382,0.04051793303402052,GOLGA6L6,up_in_disease
151.73996724999225,-1.2712804829478601,0.38048947399891875,-3.3411712276473455,0.0008342575576684364,0.018860985053774246,GPR15,up_in_healthy
2.558396162237262,3.4552355357932876,0.6980866316372561,4.9495798647362115,7.437385434599062e-07,0.00012673167051196902,GPR32,up_in_disease
2.5954288135212598,1.8359551007502102,0.5478709729060053,3.3510720434995434,0.000804993568083426,0.01844868821100783,GRIK3,up_in_disease
24.378373420890576,0.7355303877108204,0.14232131654116745,5.168097131100266,2.3648940435591584e-07,5.1810887004308565e-05,GRIN2A,up_in_disease
16.746213075465636,0.6027807961503008,0.16854896720708853,3.576294807014101,0.00034849862633120807,0.010760772181834265,GRIN2B,up_in_disease
1318.8339761982375,0.8350512749606137,0.22737565281929192,3.672562407657056,0.00024013048244032756,0.008590823624873907,GRINA,up_in_disease
50.484268662217445,0.606414214067734,0.18593885002016292,3.261363690277612,0.0011087772741043118,0.022722525807730123,GSDMB,up_in_disease
16.769001534014816,0.9726364700739633,0.2136726886949214,4.551992470421331,5.314023790836364e-06,0.0005556476126293273,GSG1L,up_in_disease
1.7139532030612072,1.9839439542215827,0.6621386447947517,2.9962666728756804,0.0027330730690188353,0.041067552952169,GU182357.6,up_in_disease
269.395029168934,0.7383198219540666,0.21892797037891523,3.372432589020949,0.000745073229335393,0.017601518150782078,GZMB,up_in_disease
350.5666242913588,0.9649856469516367,0.27393917165168563,3.5226274546037484,0.00042729153133895547,0.012344499295495758,GZMH,up_in_disease
25.10273662843702,-0.7330655830250508,0.24883986139969133,-2.945933094889435,0.0032198203707509364,0.04575625813353628,HAPLN3,up_in_healthy
8792.09612754388,-2.1387086832298814,0.5198635442114066,-4.113980884107078,3.888936539697198e-05,0.002393581911038379,HBG2,up_in_healthy
1.2491831343707682,2.1953237769210467,0.6807130979687916,3.225035309988548,0.0012595713256075398,0.024581008595074817,HCN4,up_in_disease
29.414343150275727,0.7971199258313697,0.19492684774893382,4.089328561133158,4.326236846777267e-05,0.002578860954291623,HEPACAM,up_in_disease
10.276434976566504,0.6750627665376725,0.22191086135293492,3.04204473103292,0.002349769731753614,0.037246177754919695,HHLA2,up_in_disease
181.23250741810526,0.736534626598867,0.15084661427449964,4.8826725753259215,1.0465757408457935e-06,0.00016905940680447826,HIVEP3,up_in_disease
544.8472257124761,-0.6651746080769521,0.2120253199266942,-3.1372413837504407,0.001705456558278267,0.03003398759999517,HLA-DQB1,up_in_healthy
2.3145834061601738,2.4304415863660283,0.6657076513161427,3.650914303840288,0.0002613084246092555,0.00905741802667716,HMCN2,up_in_disease
2.967544230373642,-0.9927991886038973,0.3212510229333703,-3.0904156492283317,0.001998765684505096,0.03323769639103197,HNRNPCL1,up_in_healthy
7.496405341302452,1.1919848249270486,0.27146233640902306,4.3909768135607505,1.1284257453074282e-05,0.0009958619795017946,HOXA1,up_in_disease
37.86932385541048,0.6538578424614019,0.16539966306662765,3.953199361706133,7.711313539905458e-05,0.003898662172386817,HOXB3,up_in_disease
6.754700180704907,-0.6577938824921973,0.16648410900504454,-3.9510911066729246,7.77956995683576e-05,0.0039116783037062425,HPDL,up_in_healthy
37.54652017014713,0.6348868186155102,0.2125637384259589,2.9868067964783966,0.002819078192203157,0.0419106235867455,HSPB1,up_in_disease
7.655682102505634,-0.8279452707779454,0.2496262472740537,-3.3167396450461424,0.0009107444335368435,0.020000512900213045,HYI,up_in_healthy
1.0662524674193703,2.1746942108171665,0.6487814981084956,3.351967060030884,0.0008023956522401435,0.018420890999982117,IGDCC3,up_in_disease
3.980136793220505,3.2190288258465105,0.6738971277256073,4.776736230811199,1.7816322520788462e-06,0.00024652164161659404,IGFN1,up_in_disease
12.772830444035764,-0.8618182475291735,0.21025308203296977,-4.098956548917708,4.1501693173179474e-05,0.002495933527666738,IGHV1OR15-1,up_in_healthy
33.86050823943017,0.7006087979889982,0.1501386086704743,4.6664132843185016,3.0650290980019784e-06,0.00034604742632227245,IKZF4,up_in_disease
105.4307633448906,0.7790980236346795,0.19562921374884829,3.9825239221934265,6.818725890082773e-05,0.0035750715827690387,IL24,up_in_disease
673.2230982819257,0.5933130514320698,0.1726990231165625,3.435532180350642,0.0005913912219826123,0.015242818848943998,IL2RB,up_in_disease
21.09761098154295,-0.6897077222615097,0.21235711086497458,-3.247867328069152,0.0011627347285484038,0.023385581649700848,IMP4,up_in_healthy
17.008204381913735,1.2513968830977715,0.26299145014724645,4.758317741497399,1.9521304211181904e-06,0.0002644938494601207,ITGAD,up_in_disease
38.013606131080095,0.6890667431214349,0.1836428286662951,3.7522115517702366,0.000175281453607676,0.006877835827259902,ITIH4,up_in_disease
4.533927930451332,1.1099501778116045,0.33970273248973437,3.2674161013560483,0.0010853403041817303,0.022416967023407834,KCNA1,up_in_disease
11.237210800688603,0.8279311843955651,0.21679599501975147,3.818941324631645,0.00013402563436725785,0.005735147433890694,KCNAB3,up_in_disease
20.047265821454484,0.6561914586734646,0.22235303924158592,2.951124306245774,0.0031661946462155518,0.04526186255654691,KCND1,up_in_disease
5.195081509459652,1.7840779937916518,0.4788521499446361,3.7257387149622763,0.00019474405138702867,0.007437683820740411,KIF19,up_in_disease
15.409954631387595,0.7528348388040496,0.24507197779988615,3.071892778450492,0.002127061149476416,0.03457977591326368,KIR2DL1,up_in_disease
48.408515687607014,0.6123288096500445,0.18173006775998254,3.36944137641972,0.0007532071135814551,0.017680191978621834,KLHDC1,up_in_disease
205.62886870799952,-0.7296357662570016,0.10083428290974249,-7.235989042636461,4.621486386328474e-13,1.2149887709657558e-09,KLHL36,up_in_healthy
6.142918555368565,0.8235982029111544,0.28022082900294526,2.9391041552535624,0.003291624378192261,0.04645380631278541,KLK4,up_in_disease
88.47931653744384,0.9508384248807937,0.2759149612332753,3.4461285485599205,0.0005686797729734734,0.014865644690384703,KLRC2,up_in_disease
45.33640576370779,1.0145447775857679,0.2773446673213025,3.658064845394783,0.00025412675912030787,0.00890798999636386,KLRC3,up_in_disease
123.69933113777367,1.0397445747084018,0.2648685784873017,3.9255112125663065,8.654573832481876e-05,0.004169374927726805,KLRC4-KLRK1,up_in_disease
168.20007783580024,0.887530247574669,0.23243485719075135,3.8184042544286,0.00013431769515877243,0.005735147433890694,KLRF1,up_in_disease
1.4789220774607925,2.6624449240711874,0.8519475042124262,3.1251279109414805,0.001777277592981387,0.030855886361921193,KRT9,up_in_disease
754.6968651657392,0.8626735202901935,0.14932131549384187,5.777296546290947,7.591042695453677e-09,3.448954377232048e-06,LILRB2,up_in_disease
12.401743557024501,1.01595592061389,0.2718563627333925,3.737105544997784,0.00018615079795141376,0.007212069757262878,LIM2,up_in_disease
271.28721313633645,-0.7277095204195388,0.16814831575521538,-4.327783582910897,1.506173543103377e-05,0.0012132983235332662,LINGO3,up_in_healthy
10.459020470436107,0.969658539802529,0.3268892360264163,2.966321410852971,0.003013853408755456,0.04363803641331759,LIPM,up_in_disease
11.548607852047445,-0.7537888572800805,0.20803267231784225,-3.623415730238786,0.0002907379558782921,0.009554376075050374,LKAAEAR1,up_in_healthy
0.769691281683349,2.195164587417416,0.7103338270879027,3.0903281016712274,0.001999354991298831,0.03323769639103197,LL0XNC01-16G2.1,up_in_disease
93.02435749126106,0.8065252700661086,0.27347367450120097,2.949187966765579,0.003186101296075942,0.045417368049330414,LLNLR-260H6.1,up_in_disease
451.89551144586824,0.6212486212412519,0.17021016913604137,3.6498913337235197,0.0002623512715010332,0.00905741802667716,LPAR2,up_in_disease
2.101851561652314,1.5514296572236241,0.4951371626890911,3.1333330925875287,0.0017283318359328835,0.030291895977783673,LRFN5,up_in_disease
29.843071592009824,0.717750465577847,0.17833977106447055,4.024623679248625,5.7066496858863425e-05,0.0031442956338133643,LRRC39,up_in_disease
1.324837986320762,2.0244786962536945,0.6941630988218114,2.9164308786937827,0.0035406116491437625,0.048480562633327874,LRRTM3,up_in_disease
70.87078186163204,0.72798088279045,0.20109245336834408,3.620130296272215,0.000294454700728827,0.009621341746061282,LY6G5B,up_in_disease
391.3398831422465,0.5842840701807127,0.09838495072334544,5.938754513621664,2.8719552858745632e-09,1.7617531041983194e-06,MAB21L3,up_in_disease
466.3289111086401,30.0,2.9186003742327236,10.278899524874747,8.772347946381983e-25,1.6143751925726762e-20,MALAT1,up_in_disease
21.70832637514943,0.9500979276141954,0.24065352418510624,3.9479909169474605,7.880979395272901e-05,0.0039411321687828045,MAP1B,up_in_disease
1.0750168597046839,1.982340756930969,0.6544214722312206,3.0291499302005898,0.002452429413397717,0.03835758106274976,MASP1,up_in_disease
530.20725997518,0.9742190747988051,0.18215259990193491,5.348367661638062,8.875103473305596e-08,2.4746746851400436e-05,MBD6,up_in_disease
31.770413360377688,0.6532009576447099,0.18820749276247634,3.470642683015121,0.0005192144104329212,0.013989901603509589,MC2R,up_in_disease
18.324969112889303,0.6669318173271328,0.20800887818392824,3.206266113013743,0.0013446956936758719,0.025670575571283265,MEF2B,up_in_disease
1.7341827065792632,2.6726509233836953,0.6436502988705011,4.152333849722049,3.291016813195565e-05,0.002140091251351166,MEOX2,up_in_disease
5.6775351589163385,-0.6771631990977103,0.20248426538315153,-3.3442756542902035,0.000824977228168907,0.01878967318068366,METTL24,up_in_healthy
17.457489605401072,0.7309173668992811,0.17345119560708236,4.2139655730884815,2.5092555045992443e-05,0.0017433637664187485,MLF1,up_in_disease
13.091741795025785,0.6961235776782851,0.19308364594318417,3.605295385208973,0.0003117980769201302,0.010049071820597473,MLIP,up_in_disease
1.2673661703143226,1.9949824622939423,0.6602493559704092,3.02155911892075,0.002514765280360936,0.03893904940471143,MMP2,up_in_disease
811.6692942130567,0.6013353514424727,0.10169730284460748,5.912992130787456,3.359482350876043e-09,1.9943404420378006e-06,MPV17L,up_in_disease
57.32708529684696,-0.6730684213513624,0.21604703644120116,-3.1153790972483115,0.0018370864140978122,0.03136168949781265,MRPL23,up_in_healthy
21.01891117292051,0.9943036620596702,0.23588152783889857,4.215267177422879,2.494826544466472e-05,0.0017433637664187485,MUC12,up_in_disease
22.03233935333282,1.5662837770976519,0.258308482113693,6.063617285352097,1.3309364434723067e-09,9.071564210822542e-07,MUC16,up_in_disease
14.176295677193501,2.7253196963541386,0.4285875004164154,6.358840828783432,2.0328191478802827e-10,2.200586516378873e-07,MUC3A,up_in_disease
6.370766595570698,2.6492017338889964,0.49605411860418863,5.340549820135345,9.266510677180708e-08,2.5452477013754708e-05,MUC5AC,up_in_disease
1.3526883221240618,2.542334019629321,0.6718067398748574,3.784323479849132,0.00015412725315844345,0.006343138681557104,MXRA5,up_in_disease
1388.7535284729336,0.6570287937846866,0.19408835281389622,3.385204646538919,0.0007112520614130414,0.01717739066428373,MYADM,up_in_disease
34.964014975511546,0.6402329373500659,0.14030788269337674,4.5630575065351495,5.041399863275373e-06,0.0005362825530858767,MYCBPAP,up_in_disease
0.9859665492193543,2.0521879095881936,0.6865723878964893,2.9890335611597454,0.0027986138946878513,0.041731411559194395,MYH1,up_in_disease
1.2748214877980266,2.460209146499716,0.6569209421717354,3.7450612220801394,0.00018034979091647414,0.007031731360669224,MYH13,up_in_disease
1.0963097203614212,2.4627089211883333,0.7102538422979161,3.467364447083624,0.0005255887561423942,0.014086633000893663,MYH4,up_in_disease
1.1241728200437306,2.2480977934545523,0.6839377899504128,3.2869916335775877,0.0010126384221962072,0.021420212509973335,MYH6,up_in_disease
308.66047511086634,0.6648672327415598,0.1773070180222997,3.749807763717171,0.0001769701826420264,0.006929323981194068,MYO15B,up_in_disease
84.76860280298297,1.2648499145712448,0.34814953304961,3.6330650898532397,0.0002800743307111404,0.009348818762772366,MYSM1,up_in_disease
84.98046357268858,-0.5995463648115251,0.1806948383349147,-3.318004932162348,0.0009066288352762177,0.01993391930177806,MZT2B,up_in_healthy
13.285932538404007,2.2523328527160054,0.4037337627720356,5.57875773690932,2.422423425254352e-08,8.255529313880712e-06,NDP,up_in_disease
42.33970607421851,-0.7918027068205271,0.15462523879526552,-5.120785668560412,3.042653119781299e-07,6.510923879457587e-05,NDUFS7,up_in_healthy
4.352175946237289,1.3113704812993012,0.3784748591258913,3.4648813512421515,0.0005304654567426754,0.014189179942493396,NEFM,up_in_disease
5.024929595300889,-0.7043418608673899,0.21340656230075195,-3.3004695510476725,0.0009652318693830886,0.020900780883796315,NHLRC1,up_in_healthy
9.973390048100716,0.9699505536966304,0.26691704556430534,3.6339026293581203,0.00027916625274875857,0.009340902816973463,NLGN2,up_in_disease
30.368711126035553,-0.606431559615003,0.1921645816013767,-3.155792574060164,0.0016006264571303273,0.028681916933368464,NME3,up_in_healthy
10.2054146777635,0.7475486440478492,0.23586865552403544,3.1693428802017003,0.0015278403850731788,0.02797696179751414,NOS1AP,up_in_disease
20.496982846345226,0.6413258573908791,0.15923427783066574,4.0275615660648345,5.6358312591178695e-05,0.0031146006805269112,NOVA1,up_in_disease
12.613342373117352,3.9775157778150736,0.7315502976237227,5.437104995699055,5.4153229829216845e-08,1.6337408008968486e-05,NPIPA1,up_in_disease
28.74353242118283,1.1524409654952392,0.24856556987091602,4.636366034498341,3.5458782327514813e-06,0.00038788522437044814,NPIPA5,up_in_disease
5.623338997744655,0.8366252134440239,0.2842588166309009,2.9431812295565467,0.0032485818478319166,0.0460003000361172,NPPA,up_in_disease
1.3357412004596407,-1.0432070020614028,0.3575280088709168,-2.9178329422522142,0.0035247313328782177,0.04837617000621141,NPW,up_in_healthy
45.53451891104421,0.5977180898335837,0.1770527130657268,3.375932960777022,0.0007356584219102663,0.017491372013455596,NR1D1,up_in_disease
14.365229941499987,-0.6568276517844315,0.19680060868911647,-3.337528558267897,0.0008452703489809375,0.019016516176401214,NR2F6,up_in_healthy
1.1027793789908205,2.4794020992043015,0.7091005644782568,3.4965450930484034,0.0004713248267429539,0.013162049751973565,NRAP,up_in_disease
32.69921752297242,0.7414811971570838,0.2395375708847831,3.0954693011967387,0.0019650171292696786,0.03278532205797814,NRBP2,up_in_disease
17.036129791211017,1.0845796146358107,0.28730244177879527,3.775044889701524,0.00015997885198816445,0.006513377159790079,NUAK1,up_in_disease
17.423185458863852,0.7140780062658292,0.21978771093065377,3.248944189109514,0.0011583420254973427,0.023370364278913692,OMD,up_in_disease
4.118538113734475,2.0268655203937698,0.4536412148431081,4.4679924444139445,7.895709398615271e-06,0.0007489935054779218,ONECUT1,up_in_disease
2.2222009318998035,1.6382519807919145,0.5331530225704523,3.0727613113652215,0.00212088053522168,0.03455659400533646,ONECUT2,up_in_disease
45.25553073128556,0.7654955469741797,0.20552272919691003,3.724627198000875,0.0001956040678678376,0.007437683820740411,OSBPL7,up_in_disease
2.0872630974759936,1.874590833086866,0.6001103439766814,3.123743577997228,0.0017856599878729213,0.030886082204529045,OTOG,up_in_disease
0.9580890207469052,2.2879074702629403,0.7229475873646255,3.1646934165768403,0.0015524643941877748,0.02823122751604508,OTOGL,up_in_disease
116.98830484485532,0.7009253480919353,0.17717459512645675,3.9561278387099246,7.617440827432146e-05,0.0038618116679678726,OXER1,up_in_disease
4.435699880091687,-0.854645608540822,0.25726348282553707,-3.3220634314447146,0.0008935437822140273,0.019716889956936143,OXT,up_in_healthy
29.061046363756752,0.6060225936436505,0.11630405682610723,5.210674590223015,1.8815522106033036e-07,4.353179294074472e-05,PATE2,up_in_disease
2.283320229869631,2.146492653605885,0.6402140172942894,3.3527735969879573,0.0008000612281096194,0.018420890999982117,PAX9,up_in_disease
42.43132385988276,0.6843064521567276,0.13503582513540366,5.06759188882326,4.0288003147901346e-07,8.147473867371741e-05,PCDH15,up_in_disease
14.410596328828879,1.0951477601728734,0.1979315291823805,5.532962659848745,3.148665207995561e-08,1.0535433785953148e-05,PCDH17,up_in_disease
1.5425397050254674,2.4860445774413398,0.6559751359267423,3.7898457445786105,0.0001507408646987984,0.006219919580834051,PCDH19,up_in_disease
4.614132972352728,0.9389480693864359,0.3146968188366572,2.9836592338538868,0.0028482378886782716,0.04203377856082296,PCDH7,up_in_disease
2.569438387694318,2.156808765832827,0.5793243487734803,3.722972753344697,0.00019689077669526658,0.007448189214885941,PCLO,up_in_disease
7580.783811111424,2.3315379759675556,0.28158782509174146,8.279967272050698,1.2320913829678306e-16,7.558059240252328e-13,PCSK5,up_in_disease
39.34616104111779,0.8269757785607534,0.16417675427826714,5.037106393022561,4.7262210863547284e-07,9.155436489703796e-05,PDE1C,up_in_disease
17.045447921698468,-0.8655064961708763,0.1839954357941764,-4.703956336933604,2.551678407541519e-06,0.00030691854728095796,PDF,up_in_healthy
39.036271271641525,1.1637292870662606,0.3083136810851927,3.774497722482516,0.00016033037294924227,0.006513377159790079,PDGFRB,up_in_disease
128.80777876660463,0.944203854634197,0.2546619016729385,3.707676132281597,0.000209169928521257,0.007808020678654549,PER1,up_in_disease
21.06155630382155,0.8342626530997725,0.2511166076708321,3.3222121819729984,0.0008930675361184642,0.019716889956936143,PGBD3,up_in_disease
1.0814031008151008,2.450749429861378,0.7994367775543609,3.0655950522550603,0.0021723731483871624,0.035099370544134284,PI15,up_in_disease
1.9642875339931902,2.1573541623305936,0.6262803147566101,3.444710158531809,0.0005716720361672738,0.014880453297859038,PIEZO2,up_in_disease
79.14861817445045,-0.6485347134815435,0.20819177885303056,-3.1150832038346983,0.0018389303003148246,0.03136407258266331,PIGS,up_in_healthy
1482.8314272567873,0.6384515271094545,0.13419526335478743,4.757630866757993,1.9587826805297954e-06,0.0002644938494601207,PLCB2,up_in_disease
2.174689535073788,2.7771720765017713,0.7714580438292538,3.599900342884286,0.0003183391629580561,0.010188514114638447,PLK1,up_in_disease
700.7017009835539,0.5931324861092581,0.11997814268438159,4.943671179087775,7.666497172607922e-07,0.00012826049769773054,PLP2,up_in_disease
7.848796402045007,0.7102393535752742,0.22228714088175502,3.195143681087175,0.0013976124276439091,0.02648842585574754,PMP2,up_in_disease
5.511635078592917,1.3262667325436284,0.38121307833161655,3.4790693392473577,0.0005031583787355349,0.013770056170209271,PODN,up_in_disease
9.83679855340945,-0.7528507905729417,0.242334287577453,-3.1066622808475723,0.001892124235865708,0.032020827334466206,POMC,up_in_healthy
457.04225256969374,0.7674468559593282,0.13455231989813976,5.703705863565259,1.1723030101625183e-08,5.135024539897645e-06,POU2F2,up_in_disease
32.699545771974115,-0.6217641949048542,0.16840019479462703,-3.6921821596651276,0.00022233811877384415,0.008195250182481677,POU5F2,up_in_healthy
36.986039018515754,0.5953442296280401,0.19323735895828065,3.0808961209026515,0.0020637863586322066,0.03400166549499418,PPARGC1A,up_in_disease
11.782750893515207,-0.9602258963116072,0.3254136049505283,-2.950785958864835,0.003169664851350492,0.04526186255654691,PPIAL4C,up_in_healthy
279.4918050085707,0.6098776380322675,0.18442788963299245,3.3068623148370397,0.0009434725269429054,0.020523315500390413,PRAM1,up_in_disease
690.1779915989515,0.5833806932489999,0.1829695344694048,3.188403440718978,0.0014306078116394678,0.02693019229327703,PRKCD,up_in_disease
191.35829097246065,0.704292853566048,0.18259428804285238,3.8571461413993413,0.00011471858021480442,0.005181735058241047,PRR12,up_in_disease
0.9183630593809254,2.1875536422958466,0.6355816510014667,3.441813713232572,0.0005778280260214684,0.014998263981485306,PRR23D1,up_in_disease
1261.1380376517625,0.712210342177119,0.17044649732571632,4.178497964766703,2.934406221754953e-05,0.0019708714488670216,PRRC2A,up_in_disease
141.10873896488386,0.9556030228135851,0.23037289737632322,4.148070513922347,3.3528913806262445e-05,0.0021726500027346753,PRSS23,up_in_disease
5.630017341984875,0.9269112265427566,0.2680337641711736,3.45818829731767,0.0005438211534843886,0.014504261866048121,PRTG,up_in_disease
11.138469381392522,0.9134988597258157,0.2400397110316647,3.8056155616905905,0.0001414519496999959,0.0059297043971048395,PSG1,up_in_disease
2.0376664397529387,1.8613508259440714,0.5859753681181029,3.176500117951916,0.0014906372892929801,0.027450829562506825,PTPRD,up_in_disease
0.9313360311939236,2.2074520403309728,0.7179627095117405,3.0746054232150555,0.0021078121211188963,0.034480059079956486,PTPRQ,up_in_disease
2.2829891170357706,2.0111456429985757,0.632775958969893,3.178290221822831,0.001481463790560987,0.027429034779480423,PTPRT,up_in_disease
129.28766138337127,-1.256747803641692,0.26421251460675943,-4.756579397884207,1.9690081712784077e-06,0.0002644938494601207,PVRL2,up_in_healthy
9.510001768733899,0.616753877494016,0.19414950901528497,3.176695530275383,0.00148963334794697,0.027450829562506825,RAPGEF4,up_in_disease
1.1873297134503493,1.8813511836203394,0.6344952810213736,2.9651145404767227,0.003025702526191813,0.043740772654758786,RASL10A,up_in_disease
106.53373681291431,0.6000273526609534,0.19083867578406777,3.144160114273057,0.001665642769234331,0.029502236652761686,RCN3,up_in_disease
0.8808667518253117,2.1367345606085633,0.6650378278498046,3.2129519120995536,0.0013137828428669048,0.025256704633110447,RGAG1,up_in_disease
135.44236800618884,-1.3798287395905287,0.29239454101767326,-4.719064640495896,2.3693153057804132e-06,0.00029461155116403343,RGPD5,up_in_healthy
190.7671499949901,0.8653363405862013,0.27718501767582776,3.121872703806184,0.0017970462284983618,0.030994415879152155,RGPD6,up_in_disease
7.320029235764488,1.8078070838172853,0.6133838548751455,2.947268777045436,0.0032059441297225774,0.04559427343066815,RGS9,up_in_disease
4.119812370990109,2.435192163942579,0.6792871893334821,3.584922845861401,0.0003371778682539313,0.010534947893849062,RIMBP2,up_in_disease
90.58930621903173,0.8152462856282936,0.2700295792772659,3.0190999364228914,0.0025352688648081502,0.039108594232241736,RNASE2,up_in_disease
4.64406959116724,1.0928122115423593,0.3230758650921635,3.382525064911964,0.0007182272338178766,0.017210333052018727,RNF112,up_in_disease
669.178141861487,0.5921757566400505,0.13528467021543036,4.3772569035135795,1.2018228701937114e-05,0.0010335115084193866,RNF44,up_in_disease
0.9899103533458816,2.0947346836304246,0.6416835075220275,3.2644359081622762,0.0010968227486125456,0.022578108548900085,ROBO2,up_in_disease
21.208518409192013,1.028619898463051,0.25338848748884857,4.059457904567664,4.918677387605391e-05,0.002828700623878188,RP11-1212A22.4,up_in_disease
3.6583944711097947,1.2625139044928335,0.384255006271895,3.2856147190948795,0.0010176009513997225,0.02149120125570147,RP11-206C20.2,up_in_disease
163.05915869472153,0.912504903394724,0.1868913094045106,4.882543261654203,1.0472625319627519e-06,0.00016905940680447826,RP11-231C14.4,up_in_disease
12.772830444035764,-0.8618182475291735,0.21025308203296977,-4.098956548917708,4.1501693173179474e-05,0.002495933527666738,RP11-294C11.4,up_in_healthy
5.417786116813585,-0.8705265465966499,0.26780817644708965,-3.250560002108965,0.001151779609284915,0.02334383276395406,RP11-294C11.5,up_in_healthy
33.586841631659155,0.8566904780740555,0.24399274692638126,3.5111309203487946,0.0004462045885898569,0.012750781123942758,RPH3A,up_in_disease
53.59704104431117,0.7766686049023165,0.21406216696964137,3.628238543490335,0.00028536154028844884,0.009465719485702231,RPS10-NUDT3,up_in_disease
12.66642339691311,0.6043960396309378,0.17851401322013352,3.385706414462994,0.0007099529352024771,0.01717739066428373,RSPH4A,up_in_disease
1.1359719067762502,2.0297296420604085,0.666208158327286,3.0466898621545697,0.0023137630386048822,0.03689518596377644,RSPO4,up_in_disease
583.0451878042292,-1.1923480539175018,0.2681156686959382,-4.447140518556218,8.702091643262292e-06,0.0008007229625547798,RSRP1,up_in_healthy
9.980560439583206,0.9395152349301875,0.2668374445973118,3.5209272684649764,0.00043004055315761045,0.012385033332956973,RUNX1T1,up_in_disease
1.7798805785552738,2.0214366992059154,0.6185817105160845,3.267857204377131,0.0010836502467116945,0.022407208415994737,SALL3,up_in_disease
22.297997326253274,0.5907142177948282,0.1968606293111215,3.000672200743881,0.002693843883716535,0.04070181362236075,SAMD10,up_in_disease
315.4325934894668,0.6317777388837688,0.12977636292674916,4.868203458902364,1.1261735339019907e-06,0.00017415942474284315,SAMD4B,up_in_disease
62.39208517099615,1.1945253662879365,0.20284310344371953,5.888912888869141,3.887442751490861e-09,2.2356440298651973e-06,SAP25,up_in_disease
10.621974030688905,0.8768335267707339,0.24048323510977396,3.6461316164949444,0.0002662176607603859,0.00905741802667716,SATB2,up_in_disease
1.0327090646331618,2.1602359792369654,0.6661135062776149,3.243044854785827,0.0011825959164172561,0.02360446057464942,SCN10A,up_in_disease
26.434117209473996,0.9710918823210329,0.2588052078653404,3.75221151973999,0.00017528147600852546,0.006877835827259902,SDR39U1,up_in_disease
331.7559701174342,0.5865131299387557,0.18387619376522224,3.1897175916509912,0.0014241188542030935,0.026880060793743107,SEPT14,up_in_disease
3.2774775931242632,1.3805725536474056,0.42567805205413795,3.2432317028922686,0.001181820587759395,0.02360446057464942,SERTM1,up_in_disease
110.16731338991843,0.5827986998000273,0.1575822531819451,3.6983777553118595,0.00021698180588440312,0.008066901360991254,SETD1A,up_in_disease
6.418961364169341,1.5879686935238957,0.469356133795318,3.3832916610319503,0.0007162252582067497,0.017210333052018727,SGIP1,up_in_disease
1840.324016807137,0.9547892864402316,0.13463770390172605,7.091544632528387,1.3262329092017847e-12,2.7798491479095217e-09,SH3BGRL3,up_in_disease
1.8817772627867515,2.087814932613945,0.648753952073482,3.218192237505577,0.0012900132696678584,0.024963316721027966,SHANK2,up_in_disease
12.55935376258159,1.7589374032489828,0.42589553329234525,4.12997382163575,3.6280454360889236e-05,0.0023102740539911576,SHISA7,up_in_disease
8.747758324555154,0.7588077044679321,0.23553289855571538,3.221663339265686,0.0012744879347294563,0.024767055398971685,SIM1,up_in_disease
77.19605713348386,-0.7342909624005892,0.1348554401911615,-5.445022917575372,5.179871610607022e-08,1.6034881953390252e-05,SIVA1,up_in_healthy
3.4572263197379236,2.303572111735411,0.6106202859338814,3.7725115997617613,0.00016161245036741293,0.006516714714611848,SLC1A7,up_in_disease
7.068228337411077,0.8190515284718141,0.23775536543768358,3.44493394276938,0.0005711989645294416,0.014880453297859038,SLC22A3,up_in_disease
166.8712774169934,-0.6531677958551863,0.11501836720517435,-5.678812973323117,1.3563268015568859e-08,5.5467738064558605e-06,SLC35E2,up_in_healthy
242.08448751847348,0.7824065080966072,0.1667110747540191,4.69318855541566,2.689793589842164e-06,0.00031730943226836763,SLC9A1,up_in_disease
94.48641719500002,0.7201769448289455,0.1187045232299426,6.066971377610357,1.3034477502141606e-09,9.071564210822542e-07,SNRNP27,up_in_disease
133.33913678689382,0.7543597689304805,0.15585908463785011,4.840011544295221,1.2983158649555619e-06,0.0001938640268521595,SP2,up_in_disease
0.7673753815584776,2.2103376091564675,0.6936784863550081,3.1864006923018073,0.0014405493317351888,0.02700102408108438,SPHKAP,up_in_disease
136.9192915639711,0.7942488025588127,0.23227862313454428,3.41937967360326,0.0006276408436993605,0.01597575995380267,SPON2,up_in_disease
3094.1219365814477,0.986115010062871,0.15287433273525605,6.450494287818742,1.1148593491161883e-10,1.3677837734523475e-07,SRRM2,up_in_disease
1.0740637475505146,2.4431696697212884,0.7175741970713754,3.4047624338954208,0.0006622163618483154,0.01646014285212138,ST8SIA2,up_in_disease
1.4505652536361966,2.6461703229121674,0.6483805155484726,4.08119963425141,4.480385105084969e-05,0.002630774813533042,ST8SIA3,up_in_disease
102.16906582261797,0.5803780279690209,0.161758152501365,3.587936799439666,0.00033330505307931714,0.010531591263866151,STAG3L5P-PVRIG2P-PILRB,up_in_disease
9.665191280767074,-0.6554251533662478,0.2201315661016265,-2.977424660049266,0.0029068107672921293,0.042624731912730716,TBX1,up_in_healthy
270.2093503040015,0.6657286568763824,0.1869879066356589,3.560276537955674,0.0003704644532241995,0.011263805442727731,TBX21,up_in_disease
8.232303443707272,-1.082698623248684,0.37138760323336983,-2.9152793841865146,0.003553702576698961,0.04858751004382687,TCEB3C,up_in_healthy
11.986192443465457,2.0353158627978907,0.4062643666667204,5.0098311094745,5.447782266255816e-07,0.00010025553704590579,TCF21,up_in_disease
1.3016039041427208,2.0180926522154055,0.6414748055817211,3.1460201315082035,0.0016550861294919968,0.029343497149365336,TCHH,up_in_disease
1.568737650890125,2.298125227261616,0.6464537663006248,3.554972292005958,0.0003780189234785767,0.011404954125415293,TENM2,up_in_disease
5.335921411043845,2.327009518208467,0.4776267337505347,4.87202527366039,1.1046003417813509e-06,0.00017374324863078804,TGFB2,up_in_disease
20.41252285740714,-0.8988512362817797,0.19647709703322377,-4.574839764299786,4.765845986534006e-06,0.0005099178121522402,TMEM160,up_in_healthy
1.0554713111816745,2.1923090547023407,0.6761364954234111,3.242406037155959,0.0011852502501220488,0.02363180969988739,TMEM179,up_in_disease
76.15506004933121,-0.6048432955890984,0.1881505567308274,-3.214677150567253,0.0013059130759492665,0.025188926492648686,TMEM252,up_in_healthy
170.14392377901035,0.6616786271976225,0.1585191097864304,4.174125303183248,2.991330939895537e-05,0.0020017986649780934,TMEM41B,up_in_disease
20.152050358283603,-0.9432379933962133,0.3098985021289604,-3.043699749809363,0.002336882442618772,0.03710582190812189,TNFRSF25,up_in_healthy
249.6689389353061,0.6908982795212469,0.10815782814806417,6.387871237349849,1.68210879649277e-10,1.9347405113660278e-07,TOB1,up_in_disease
449.55252438904006,0.7325197483616319,0.2013947678912712,3.6372332609807616,0.00027558234271056085,0.009254638417705203,TP53I11,up_in_disease
124.23722944958787,0.653099264880541,0.18505364268435182,3.5292429557549436,0.0004167503376258257,0.012135215922987453,TP53INP2,up_in_disease
14.543712128231878,-0.9369060959279072,0.27674907414833616,-3.385399206162222,0.0007107480655603828,0.01717739066428373,TPGS1,up_in_healthy
665.2160780998397,0.8958354132337413,0.1719582432305463,5.2096101728178565,1.8923781096884083e-07,4.353179294074472e-05,TPP1,up_in_disease
17.988947080678123,1.2171462037199188,0.2813881935798188,4.325505587975787,1.5218241062625449e-05,0.0012132983235332662,TPRKB,up_in_disease
4.7610577731011485,1.7219922017108187,0.40310863133045133,4.271782015749503,1.9391708720146813e-05,0.0014268332062065973,TPTE,up_in_disease
33.50935390462603,-0.7176512114378358,0.1610703375339975,-4.455514419508555,8.369227011315252e-06,0.0007826083413111177,TRAJ27,up_in_healthy
34.05205486885721,-0.6095058348967866,0.15638514039727347,-3.8974664303042257,9.720429147689289e-05,0.004528735635567747,TRAJ28,up_in_healthy
15.856025614636968,-0.5926551112225094,0.17681514289319092,-3.351834585686565,0.0008027796871154517,0.018420890999982117,TRAJ41,up_in_healthy
16.952589458191763,-0.6717033779230221,0.16778772183969615,-4.003292794956507,6.246691307546084e-05,0.003371198244362774,TRAJ43,up_in_healthy
9.573906777101682,-0.6079121094920438,0.2045519654721541,-2.9719201577400614,0.0029594363425930817,0.04305897487724016,TRAJ49,up_in_healthy
11.19430343805155,-0.6165564705338312,0.1734500826904534,-3.5546623038177785,0.00037846484151320424,0.011404954125415293,TRAJ52,up_in_healthy
20.821847138595352,-0.6738849383561417,0.20961770545019912,-3.2148283319332633,0.0013052255314476861,0.025188926492648686,TRAV1-2,up_in_healthy
13.598540611480068,-0.711166883434343,0.18353834616920117,-3.8747591349588015,0.00010673021469082037,0.004890087244038755,TRAV27,up_in_healthy
12.030592567823058,-0.6406121490194412,0.19856445474873433,-3.2262176522483794,0.0012543792745497854,0.024540463474363616,TRAV38-1,up_in_healthy
208.4341528073897,0.6623875158964586,0.20073745034676796,3.299770495003319,0.0009676392606093821,0.020900780883796315,TRDC,up_in_disease
13.535273291973652,-0.7182851913535113,0.17455996724823325,-4.114833444784467,3.8745908354646494e-05,0.002392754870639461,TSSK6,up_in_healthy
181.61324199223003,0.6231790269509562,0.1833966338901843,3.397985086924269,0.0006788412049422789,0.016728480308243993,TTC33,up_in_disease
4.605561631990465,1.151856746414307,0.3314155251156693,3.47556665009067,0.0005097753012333705,0.013898362768292915,TUBB4A,up_in_disease
30.788046445383724,1.0301973798038635,0.2842040968249719,3.6248505609625825,0.00028912858825954127,0.009538330791326337,TUBE1,up_in_disease
98.78472211336364,0.7021834381352482,0.15012001821189125,4.677480368701602,2.9042136780444336e-06,0.0003340390269815732,TWSG1,up_in_disease
77.18444105855637,-0.7373415892833739,0.13987857826949776,-5.271297423846924,1.3546274568337165e-07,3.323894545081452e-05,TYSND1,up_in_healthy
755.3352153922158,0.753940413339644,0.13727165556512838,5.492324036129497,3.966787105837999e-08,1.2807154931357314e-05,UCP2,up_in_disease
20.895384170571162,-0.7775349147944719,0.13371098005113496,-5.815041625580188,6.061879979975326e-09,3.0462234491677235e-06,UFSP1,up_in_healthy
25.74639021032201,2.2287468077100985,0.5619049556282977,3.9664124428623535,7.296256132667848e-05,0.0037298056002635117,UTS2,up_in_disease
8.848792873522092,1.2060972932428375,0.27514811745356144,4.383447375199282,1.1681587695900243e-05,0.001016293449407348,VANGL2,up_in_disease
902.951016878071,0.643009351789099,0.1792080326622087,3.5880609939015113,0.00033314636437152035,0.010531591263866151,WAS,up_in_disease
1269.0995091952025,0.6620204087934938,0.19570776840647663,3.382698674579467,0.0007177733950955175,0.017210333052018727,WBP2,up_in_disease
8.625631766488695,-0.5851663130332988,0.18553639880720638,-3.153916518781599,0.001610951610068005,0.02883885455260846,WDR38,up_in_healthy
3.0362283209468472,3.6936413542742526,1.0119873796980283,3.649888751949076,0.0002623539083699457,0.00905741802667716,WDR72,up_in_disease
1.9519866099362095,-0.9812166125717182,0.30090529383236214,-3.2608818544693516,0.0011106630724967027,0.022735853752121046,WNT6,up_in_healthy
4638.191980124283,0.5883524909401339,0.18861083845430895,3.1193991594637995,0.0018122027958054517,0.031185881082062373,YBX1,up_in_disease
653.1654603499646,0.5892733096789183,0.16338859654936277,3.60657550235391,0.0003102646100093751,0.0100347972196881,YY1AP1,up_in_disease
4.004572857144421,0.9523454319849327,0.31083335691268915,3.063845661366517,0.002185116086280652,0.035212514304573415,ZDHHC22,up_in_disease
71.54011106485495,-0.6796362698671888,0.1617857581973433,-4.200841145968985,2.6592513545602773e-05,0.001823860863140454,ZNF132,up_in_healthy
51.128941912759565,0.5949873906379453,0.16812611586683684,3.5389349689681824,0.0004017448096394873,0.011886350051118143,ZNF280B,up_in_disease
167.51484608145452,0.7804199965628594,0.18895217362086672,4.130251489611203,3.6236661326573246e-05,0.0023102740539911576,ZNF385A,up_in_disease
1.3264966432530596,2.0603304202274346,0.6441465536203712,3.198542953692016,0.0013812395488092433,0.02624564670722278,ZNF423,up_in_disease
46.61791428224896,0.5842495234434877,0.16524312155270343,3.5356964813639418,0.0004067016777873197,0.011987736635693547,ZNF462,up_in_disease
16.366099872424826,-0.596031333628712,0.16963084442422321,-3.5136966726294205,0.0004419171331492967,0.012667602805835681,ZNF527,up_in_healthy
1.1215643610537245,2.0414516771991025,0.6730891349976065,3.0329588921478607,0.0024216858653978834,0.03805831339104804,ZNF536,up_in_disease
45.00738298714984,1.2515000964018315,0.3242781052245046,3.8593419544479928,0.0001136927568870801,0.005166142728377618,ZNF683,up_in_disease
32.58080053329451,0.6029298576019556,0.1653768429496951,3.6457937329554473,0.00026656773433671643,0.00905741802667716,ZNF703,up_in_disease
15.889788972573486,0.9646579605857745,0.2005510298416022,4.810037432107299,1.5090203369465836e-06,0.0002152752035723099,ZNF730,up_in_disease
4.065619276832738,1.2907941833329484,0.3658002587245681,3.5286858129448753,0.0004176286399437642,0.012141579559060176,ZNF732,up_in_disease
3.4962345970757105,1.3601274146887765,0.38083648909609136,3.5714209473913985,0.0003550497177766178,0.010926387886694143,ZNF98,up_in_disease
30.383521504836942,-0.636484109555904,0.1311682866272363,-4.852423752127764,1.21961679899414e-06,0.0001854926277015633,ZNHIT2,up_in_healthy
1613.7320287344921,0.8445124874267231,0.21003578774681136,4.020802818826022,5.8000138924382544e-05,0.003186198676493767,ZYX,up_in_disease
